learning_rate,max_iter,Accuracy,Precision,Recall,F1-Score
0.01,1000,0.9800759013282733,0.9802262192327412,0.9800759013282733,0.9801493917512164
