Model,Accuracy,Precision,Recall,F1-Score
Neural Network,0.9722960151802656,0.9735739100842173,0.9722960151802656,0.9728855390284188
