n_estimators,learning_rate,max_depth,Accuracy,Precision,Recall,F1-Score
100,0.1,3,0.95426944971537,0.9713183058462038,0.95426944971537,0.9606064685862503
