max_iter,C,solver,Accuracy,Precision,Recall,F1-Score
1000,1.0,lbfgs,0.9819734345351043,0.9812981329252553,0.9819734345351043,0.9815754949031293
1000,0.5,liblinear,0.9815939278937381,0.9808314999557074,0.9815939278937381,0.9811372506175823
